{"timestamp":"2016-01-21T21:56:41.404162","alert":{"action":"allowed","gid":1,"signature_id":2200003,"rev":1,"signature":"SURICATA IPv4 truncated packet","category":"","severity":3}}
{"timestamp":"2016-01-21T21:56:41.404165","alert":{"action":"allowed","gid":1,"signature_id":2200003,"rev":1,"signature":"SURICATA IPv4 truncated packet","category":"","severity":3}}
{"timestamp":"2016-01-21T21:56:41.404163","alert":{"action":"allowed","gid":1,"signature_id":2200003,"rev":1,"signature":"SURICATA IPv4 truncated packet","category":"","severity":3}}
{"timestamp":"2016-01-21T21:56:41.404167","alert":{"action":"allowed","gid":1,"signature_id":2200003,"rev":1,"signature":"SURICATA IPv4 truncated packet","category":"","severity":3}}
{"timestamp":"2016-01-21T21:56:41.404181","alert":{"action":"allowed","gid":1,"signature_id":2200003,"rev":1,"signature":"SURICATA IPv4 truncated packet","category":"","severity":3}}
{"timestamp":"2016-01-21T21:56:41.404168","alert":{"action":"allowed","gid":1,"signature_id":2200003,"rev":1,"signature":"SURICATA IPv4 truncated packet","category":"","severity":3}}
{"timestamp":"2016-01-21T21:56:41.404169","alert":{"action":"allowed","gid":1,"signature_id":2200003,"rev":1,"signature":"SURICATA IPv4 truncated packet","category":"","severity":3}}
